OBJECTID,FloodPlainSource,Watershed,Shape__Area,Shape__Length
3394,Engineered,Don River,0.94091796875,3.80356896908335
3395,Engineered,Don River,869.856689453125,149.201240400073
3396,Engineered,Don River,23187.9104003906,1321.22670297059
3397,Engineered,Don River,10895.6130371094,522.001575399683
3406,Engineered,Humber River,0.544921875,5.6057087490918
3407,Engineered,Humber River,0.089599609375,2.73269043648208
3457,Engineered,Humber River,2001967.70361328,28590.0414144938
3571,Engineered,Humber River,636580.793212891,12759.864924998
3605,Engineered,Duffins Creek,781.2783203125,279.176640895935
3768,Engineered,Duffins Creek,123255.693847656,4007.26424042784
3769,Engineered,Duffins Creek,13802.9494628906,895.581943090282
3770,Engineered,Duffins Creek,1153.40795898438,170.433602360972
3775,Engineered,Etobicoke Creek,191752.958251953,2919.34113723925
3776,Engineered,Etobicoke Creek,487.99951171875,133.352768270669
3777,Engineered,Etobicoke Creek,306260.017578125,5080.47065000852
3778,Engineered,Etobicoke Creek,138069.5,2170.45519470615
3779,Engineered,Etobicoke Creek,87889.7609863281,2799.65679962744
3780,Engineered,Etobicoke Creek,39559.9089355469,1416.24770163582
3781,Engineered,Etobicoke Creek,47940.6860351562,1439.55524858369
3782,Engineered,Etobicoke Creek,641723.472412109,8655.80396276532
3783,Engineered,Etobicoke Creek,56881.0598144531,2705.76863257512
3784,Engineered,Etobicoke Creek,128218.917480469,2515.96836777471
3785,Engineered,Etobicoke Creek,98598.69921875,1784.0463786125
3786,Engineered,Etobicoke Creek,716.753662109375,142.375108458341
3787,Engineered,Etobicoke Creek,77934.7912597656,4468.46366514883
3788,Engineered,Etobicoke Creek,30120.7868652344,737.653798499206
3789,Engineered,Etobicoke Creek,283851.135498047,4147.06958341894
3790,Engineered,Etobicoke Creek,426.806640625,111.831852554142
3791,Engineered,Etobicoke Creek,5838.80249023438,390.083606115135
3792,Engineered,Etobicoke Creek,1309.92016601562,172.477756447456
3793,Engineered,Etobicoke Creek,132678.407958984,2785.11847102527
3794,Engineered,Etobicoke Creek,1275.15380859375,172.297343299974
3795,Engineered,Etobicoke Creek,943.8583984375,161.038778354823
3796,Engineered,Etobicoke Creek,13.500244140625,17.5182383407029
3797,Engineered,Etobicoke Creek,64848.443359375,1221.19723457693
3798,Engineered,Etobicoke Creek,124986.765136719,2302.26028476609
3799,Engineered,Etobicoke Creek,722131.741699219,12389.4832488973
3800,Engineered,Etobicoke Creek,573780.775390625,10843.9519455858
3801,Engineered,Etobicoke Creek,3409.12133789062,353.850866473059
3802,Engineered,Etobicoke Creek,3234.78149414062,323.796110002029
3803,Engineered,Etobicoke Creek,5175771.53637695,77801.1439961492
3805,Engineered,Etobicoke Creek,628785.846078873,9331.20771855988
3806,Engineered,Etobicoke Creek,791849.227050781,10699.341538626
3807,Engineered,Etobicoke Creek,46805.0029296875,1288.17901283996
3808,Engineered,Etobicoke Creek,1555235.72412109,23459.1440811906
3809,Engineered,Etobicoke Creek,610244.036865234,16138.1178031105
3810,Engineered,Etobicoke Creek,98029.9597167969,2213.54902574691
3811,Engineered,Etobicoke Creek,146744.169189453,5543.99639058076
3812,Engineered,Etobicoke Creek,21361.4255371094,1294.89002724411
3813,Engineered,Etobicoke Creek,14648.9997558594,1044.50366788969
3814,Engineered,Etobicoke Creek,136.408935546875,91.4269701185542
3815,Engineered,Humber River,77241.3149414062,2439.68269742315
3818,Engineered,Etobicoke Creek,34879.2712402344,2399.79344946792
3819,Engineered,Humber River,402.910888671875,139.449361032985
3820,Engineered,Humber River,536.81201171875,93.6561714742193
3821,Engineered,Humber River,880.049560546875,116.356167830446
3822,Engineered,Humber River,301.169921875,107.370943033429
3823,Engineered,Humber River,5234.26342773438,356.184282461957
3824,Engineered,Humber River,7330.5263671875,528.616104861519
3825,Engineered,Humber River,8877.3994140625,501.58519384899
3826,Engineered,Humber River,782.81298828125,236.097739101101
3827,Engineered,Humber River,1080.28393554688,186.834298014471
3828,Engineered,Humber River,496.7412109375,139.032732740575
3829,Engineered,Humber River,217.65673828125,64.3703698569386
3830,Engineered,Humber River,121833.160400391,3024.75058074583
3831,Engineered,Etobicoke Creek,158525.465087891,5526.26042870575
3832,Engineered,Etobicoke Creek,161563.548095703,5340.43198306834
3833,Engineered,Etobicoke Creek,20309.6728515625,1290.0921448108
3834,Engineered,Etobicoke Creek,12332.673828125,691.04877728066
3835,Engineered,Etobicoke Creek,9003.0068359375,811.638313135268
3836,Engineered,Etobicoke Creek,14677.3703613281,971.140043274148
3837,Engineered,Etobicoke Creek,9990.572265625,899.654170922117
3838,Engineered,Etobicoke Creek,18503.3864746094,1556.58444350518
3839,Engineered,Etobicoke Creek,38843.4089355469,1866.71927826462
3840,Engineered,Etobicoke Creek,84.5,40.6012033748279
3841,Engineered,Etobicoke Creek,15412.0891113281,943.86480362378
3842,Engineered,Etobicoke Creek,3235.49951171875,516.213036893321
3843,Engineered,Etobicoke Creek,5018.50048828125,931.737036269965
3844,Engineered,Etobicoke Creek,1819,268.098253552004
3845,Engineered,Etobicoke Creek,38711.0400390625,2244.15345835379
3846,Engineered,Etobicoke Creek,20002.7878417969,2829.92171193732
3847,Engineered,Etobicoke Creek,52693.0988769531,3730.93542916282
3848,Engineered,Etobicoke Creek,10152.2810058594,1641.68734824351
3849,Engineered,Etobicoke Creek,26392.802734375,746.52459202939
3850,Engineered,Etobicoke Creek,29280.4157714844,2564.82869780004
3857,Engineered,Humber River,79583.6735839844,1527.42401619926
3858,Engineered,Humber River,67959.9467773438,2017.73431899223
3859,Engineered,Humber River,25075.0070800781,1782.18500279596
3860,Engineered,Humber River,50402.0407714844,1481.37526851393
3861,Engineered,Humber River,55485.8289387226,1999.33973379973
3862,Engineered,Humber River,16662.05859375,888.629725205182
3863,Engineered,Humber River,14198.5904497057,1246.71107996002
3865,Engineered,Etobicoke Creek,447020.023193359,4333.53401930284
3870,Engineered,Don River,4222.51708984375,486.564935231701
3871,Engineered,Don River,6036.95825195312,349.314751000665
3894,Engineered,Duffins Creek,6619.82006835938,547.947955790026
3895,Engineered,Duffins Creek,3302.72998046875,328.168027394323
3896,Engineered,Humber River,224386.631347656,2970.24591405164
3897,Engineered,Humber River,319818.528076172,4398.82250884811
3898,Engineered,Humber River,13741.8659667969,863.027411075004
3899,Engineered,Humber River,2266.53735351562,314.402589125573
3900,Engineered,Humber River,14405.3625488281,899.110490635128
3901,Engineered,Humber River,46566.1125488281,2207.81718021714
3902,Engineered,Humber River,12535.6674804688,824.12784917317
3903,Engineered,Humber River,29764.1975097656,1517.69657436756
3904,Engineered,Humber River,56005.7316894531,2553.06685231909
3905,Engineered,Humber River,47007.1171875,1422.7607553786
3906,Engineered,Humber River,28669.5834960938,1237.31192448725
3907,Engineered,Humber River,82430.8100585938,3045.42499595563
3908,Engineered,Humber River,26524.4594726562,835.723147574981
3909,Engineered,Humber River,84048.2419433594,2812.42856628697
3910,Engineered,Humber River,36964.9870605469,1333.19322607319
3911,Engineered,Humber River,41424.296875,1492.83280674377
3912,Engineered,Humber River,73478.1750488281,2613.51131392082
3913,Engineered,Humber River,45317.3112792969,1343.09445164588
3914,Engineered,Humber River,1386844.63598633,37516.1314375857
3915,Engineered,Humber River,2142702.92333984,32207.7821443078
3916,Engineered,Humber River,1201370.17895508,23835.9144589346
3917,Engineered,Humber River,8218.77954101562,759.674726421414
3918,Engineered,Humber River,20550.9987792969,1531.37493952739
3919,Engineered,Humber River,125587.180908203,3399.28710905636
3920,Engineered,Humber River,75486.9372558594,3880.92694705541
3921,Engineered,Humber River,67164.7890625,1853.52995829234
3922,Engineered,Humber River,15342.4858398438,1132.39136353858
3923,Engineered,Humber River,9659.05419921875,1098.78563228198
3924,Engineered,Humber River,47551.8718261719,1466.06502484748
3925,Engineered,Humber River,43939.4128417969,2438.20538154073
3926,Engineered,Humber River,39826.0456542969,1274.09362451108
3927,Engineered,Humber River,144056.506835938,3565.44819833054
3928,Engineered,Humber River,602385.010986328,16515.7660732057
3929,Engineered,Humber River,3136385.36181641,113507.32277585
3930,Engineered,Humber River,462028.194335938,7188.60693174269
3931,Engineered,Humber River,209277.486083984,6738.49482840829
3932,Engineered,Humber River,166297.791992188,3744.00784158058
3933,Engineered,Humber River,85526.5563964844,2529.36502645576
3934,Engineered,Humber River,82401.3815917969,2063.75658677407
3935,Engineered,Humber River,382572.342773438,22514.3100997027
3936,Engineered,Humber River,166797.583007812,8821.21019536524
3937,Engineered,Humber River,2047555.74652621,87664.1958462084
3938,Engineered,Humber River,40722.2373046875,4011.49325884888
3939,Engineered,Humber River,2332500.44946289,61310.0955165407
3940,Engineered,Humber River,1384872.61352539,68688.8556414037
3941,Engineered,Humber River,1054278.83105469,47143.7991139858
3942,Engineered,Humber River,856572.291290283,30969.7032637024
3944,Engineered,Humber River,2857650.33300781,92089.6347856916
3945,Engineered,Humber River,2855835.21704102,89104.6509071242
3946,Engineered,Humber River,459234.048339844,28008.6079915473
3947,Engineered,Humber River,1015158.33959961,61490.7233092632
3949,Engineered,Humber River,1791450.12255859,31891.7247673449
3950,Engineered,Humber River,3884284.90551758,88339.8874913591
3951,Engineered,Humber River,2903.78442382812,370.387179314471
3953,Engineered,Humber River,8648.44902037829,726.458568261453
3954,Engineered,Humber River,15098.5034368038,1279.64027077598
3955,Engineered,Humber River,12584.9812011719,1242.34607067621
3956,Estimated,Etobicoke Creek,0.40869140625,3.86836665752671
3957,Estimated,Etobicoke Creek,33597.2822265625,2275.6185930412
3958,Estimated,Etobicoke Creek,683.9990234375,344
3959,Estimated,Etobicoke Creek,1.59326171875,12.9047323056515
3960,Estimated,Etobicoke Creek,0.015625,0.600427630621525
3961,Estimated,Etobicoke Creek,584.98779296875,359.109745242201
3962,Estimated,Etobicoke Creek,31384.0043945312,2440
3963,Estimated,Etobicoke Creek,29576.7998046875,2036.16818862256
3964,Estimated,Etobicoke Creek,103547.38671875,5710.08343670337
3965,Estimated,Etobicoke Creek,0.11083984375,1.65398695686176
3966,Estimated,Etobicoke Creek,0.82861328125,4.52307775112689
3967,Estimated,Etobicoke Creek,0.23291015625,2.33088359984358
3968,Estimated,Etobicoke Creek,1.788818359375,6.2334808537472
3969,Estimated,Etobicoke Creek,1.97412109375,6.89478199041453
3970,Estimated,Etobicoke Creek,0.674072265625,9.86407537418109
3971,Estimated,Etobicoke Creek,19.54150390625,31.9082873417638
3972,Estimated,Etobicoke Creek,14003.1315917969,2730.47411075664
3973,Estimated,Don River,163270.893798828,7146.12699920992
3974,Estimated,Don River,15551.4084472656,1691.64048091775
3977,Estimated,Humber River,2051.9990234375,356
3978,Estimated,Humber River,19872.001953125,1504
3979,Estimated,Humber River,2524.00244140625,360
3980,Estimated,Humber River,6623.99951171875,872
3981,Estimated,Etobicoke Creek,0.3427734375,3.0654283697069
3984,Estimated,Humber River,68052.001953125,3256
3988,Estimated,Humber River,27600.6374511719,3515.28772327534
3999,Estimated,Humber River,82506.208984375,5272.55610002338
4000,Estimated,Humber River,143959.998535156,6468
4006,Estimated,Humber River,88328.0209960938,4319.98019900032
4009,Estimated,Humber River,0.086669921875,1.59154421374109
4016,Estimated,Humber River,0.311767578125,2.77369692964462
4028,Estimated,Humber River,100283.988769531,5936
4029,Estimated,Humber River,10775.9990234375,852
4038,Estimated,Humber River,38256.0009765625,1824
4041,Estimated,Humber River,183396.901123047,12069.574764995
4043,Estimated,Humber River,107863.998535156,3408
4044,Estimated,Rouge River,14168.5983886719,1753.00351157165
4046,Estimated,Humber River,5508.00048828125,656
4048,Estimated,Humber River,16115.2084960938,1797.56766167922
4049,Estimated,Humber River,0.46484375,3.31772151123564
4050,Estimated,Humber River,10.1591796875,25.1525541153275
4058,Estimated,Humber River,22317.0668945312,1637.04137847032
4059,Estimated,Humber River,76587.984375,2520
4066,Estimated,Rouge River,114047.674804688,7476.53239448276
4069,Estimated,Humber River,222203.998046875,11140
4070,Estimated,Humber River,50799.9970703125,2372
4072,Estimated,Rouge River,0.057861328125,1.34438524551669
4073,Estimated,Humber River,33524.8845214844,3716.89790276737
4075,Estimated,Humber River,1920.28149414062,524.487564844333
4077,Estimated,Humber River,33524.0004882812,2228
4078,Estimated,Humber River,3404.0009765625,428
4085,Estimated,Humber River,34688.0024414062,3536
4089,Estimated,Humber River,16813.8884277344,1633.91146524426
4090,Estimated,Humber River,40435.9951171875,3876
4097,Estimated,Humber River,22152.0004882812,2316
4100,Estimated,Humber River,844053.133789062,55207.2435798167
4101,Estimated,Humber River,27192.0004882812,2080
4104,Estimated,Humber River,97535.998046875,6068
4107,Estimated,Humber River,36956.0004882812,3996
4108,Estimated,Humber River,133087.997558594,8336
4109,Estimated,Humber River,9820.03735351562,1626.9661488566
4123,Estimated,Humber River,9089.22778320312,1363.61603121445
4125,Estimated,Humber River,96912.0263671875,4808.00039999932
4126,Estimated,Humber River,77922.5339355469,4000.02918450392
4128,Estimated,Humber River,18260.0009765625,876
4129,Estimated,Humber River,13576,824
4130,Estimated,Humber River,94035.9946289062,4304
4131,Estimated,Humber River,28824.0009765625,1196
4132,Estimated,Humber River,60125.4831542969,3168.54249167322
4134,Estimated,Humber River,4240.0009765625,364
4139,Estimated,Humber River,84996.0083007812,6251.99860000238
4145,Estimated,Humber River,41551.923828125,2535.08298216559
4146,Estimated,Humber River,8215.994140625,760
4147,Estimated,Humber River,22703.9995117188,2355.99960000068
4151,Estimated,Don River,2.896728515625,9.83660823466477
4152,Estimated,Don River,2.040283203125,7.75646525038976
4153,Estimated,Don River,0.67138671875,4.70636930742342
4155,Estimated,Humber River,42516.00390625,2328.00039999932
4158,Estimated,Humber River,20439.9936523438,1155.99980000034
4159,Estimated,Humber River,5009.60522460938,1539.46971758454
4161,Estimated,Humber River,0.024658203125,0.813419760639589
4163,Estimated,Carruthers Creek,0.50634765625,4.55615071080624
4164,Estimated,Carruthers Creek,21453.0051269531,1600.00005274214
4167,Estimated,Humber River,57692.0029296875,4108
4170,Estimated,Humber River,11848.001953125,700
4172,Estimated,Humber River,4,8
4174,Estimated,Humber River,184332.005371094,6671.99980000034
4175,Estimated,Humber River,14492,1540
4177,Estimated,Humber River,44347.9975585938,2824
4183,Estimated,Humber River,533344.053710938,11233.4545554734
4185,Estimated,Humber River,19700.0024414062,1056
4186,Estimated,Humber River,18831.9975585938,2324
4187,Estimated,Humber River,76899.998046875,6895.99980000034
4188,Estimated,Humber River,16,20
4190,Estimated,Humber River,12.00048828125,16
4191,Estimated,Humber River,45344,3152
4192,Estimated,Humber River,28295.9970703125,2284
4194,Estimated,Humber River,99707.9877929688,4759.99980000034
4195,Estimated,Humber River,26948.0014648438,1092
4196,Estimated,Humber River,23382.2788085938,1493.77372151174
4198,Estimated,Rouge River,119213.537109375,6931.76984858158
4199,Estimated,Humber River,2195.99462890625,1100
4200,Estimated,Humber River,4.00048828125,8
4202,Estimated,Humber River,0.008544921875,0.861594548206101
4203,Estimated,Humber River,11547.9985351562,1844
4204,Estimated,Humber River,201403.932861328,6463.48123659553
4206,Estimated,Humber River,1483.9990234375,252
4207,Estimated,Humber River,43860.001953125,3036
4208,Estimated,Humber River,744.0009765625,376
4209,Estimated,Humber River,11.99951171875,16
4210,Estimated,Humber River,1712,472
4211,Estimated,Humber River,15791.9995117188,1028
4212,Estimated,Humber River,352,156
4213,Estimated,Humber River,6383.99951171875,512
4214,Estimated,Humber River,107032.002441406,4212
4215,Estimated,Humber River,27371.9995117188,1696
4221,Estimated,Humber River,7339.99951171875,904
4222,Estimated,Humber River,78331.9975585938,2840
4225,Estimated,Humber River,7668.00244140625,640
4226,Estimated,Humber River,151772.002929688,5532
4227,Estimated,Humber River,51497.314453125,3416.5689320427
4228,Estimated,Humber River,142875.991699219,12264
4229,Estimated,Humber River,57992.0073242188,2244.00020000339
4230,Estimated,Humber River,3283.99755859375,568
4232,Estimated,Rouge River,358976.615722656,12389.450369539
4233,Estimated,Rouge River,74908.0004882812,4726.1245154966
4235,Estimated,Rouge River,1.255859375,11.4172687350229
4236,Estimated,Rouge River,9.859130859375,15.4476785812827
4237,Estimated,Rouge River,247703.100097656,8945.379221974
4238,Estimated,Humber River,18630.2749023438,1622.31003807821
4239,Estimated,Humber River,49927.9965820312,1728
4240,Estimated,Humber River,32932.001953125,1952.00080001354
4244,Estimated,Rouge River,0.041015625,1.02406947110041
4246,Estimated,Rouge River,28289.578125,2045.45074815803
4248,Estimated,Humber River,63668.0029296875,2244
4249,Estimated,Rouge River,475403.15625,15422.47483056
4250,Estimated,Humber River,120948.666503906,6099.21893781318
4253,Estimated,Humber River,36040.0004882812,1840.00020000339
4254,Estimated,Humber River,502268.001953125,17156
4256,Estimated,Rouge River,24224.0014648438,1976
4257,Estimated,Humber River,3904.00048828125,556
4258,Estimated,Rouge River,272363.9921875,13088
4260,Estimated,Humber River,16458.7380371094,1549.69884711236
4261,Estimated,Rouge River,75125.1743164062,4267.29363906269
4262,Estimated,Rouge River,439107.994384766,14084.9413064673
4263,Estimated,Humber River,6728.00146484375,552
4264,Estimated,Humber River,12139.9995117188,908
4268,Estimated,Rouge River,53112.0053710938,4280
4269,Estimated,Rouge River,0.9052734375,5.5547266913441
4270,Estimated,Rouge River,134862.444580078,2829.2160905043
4274,Estimated,Rouge River,2.139892578125,6.64983470915548
4278,Estimated,Humber River,376666.602050781,8928.97157883167
4285,Estimated,Rouge River,111164.002441406,2528
4286,Estimated,Humber River,623487.993652344,12088.0006000102
4295,Estimated,Rouge River,24555.9995117188,1648
4297,Estimated,Humber River,57524.001953125,3588
4298,Estimated,Rouge River,377159.912841797,16492.6956721722
4299,Estimated,Rouge River,321159.611816406,8278.35104547996
4303,Estimated,Rouge River,474999.114501953,14571.0722208901
4304,Estimated,Rouge River,891981.114013672,39407.8223956909
4305,Estimated,Rouge River,949295.013916016,24534.0070725224
4306,Estimated,Rouge River,568746.500976562,27257.0001311707
4307,Estimated,Rouge River,0.038818359375,1.34250402557642
4311,Estimated,Rouge River,94187.462890625,5528.779128027
4312,Estimated,Rouge River,182606.736816406,5677.35867823125
4317,Estimated,Etobicoke Creek,0.002197265625,0.223560727223981
4319,Estimated,Rouge River,0.20556640625,1.95490316194428
4321,Estimated,Humber River,128179.609863281,6562.39997812589
4332,Estimated,Duffins Creek,1489.38793945312,269.485724237082
4334,Estimated,Duffins Creek,2053.6796875,493.80187495102
4336,Estimated,Duffins Creek,11251.3872070312,1543.79920437967
4340,Estimated,Duffins Creek,21791.8637695312,2482.24632797321
4351,Estimated,Duffins Creek,339775.641845703,13756.9956348222
4356,Estimated,Duffins Creek,17656.4289550781,999.892081442629
4357,Estimated,Duffins Creek,285711.993652344,14952
4360,Estimated,Duffins Creek,70893.2932128906,4257.64789246403
4365,Estimated,Duffins Creek,2792,344
4368,Estimated,Duffins Creek,77711.3840332031,7455.33009992165
4369,Estimated,Duffins Creek,0.064208984375,1.28688970159182
4370,Estimated,Duffins Creek,79815.23828125,7079.202588285
4371,Estimated,Duffins Creek,194697.295166016,12084.3981325566
4372,Estimated,Duffins Creek,109684.856445312,2929.80551696662
4373,Estimated,Duffins Creek,99775.7282714844,6754.1989655395
4374,Estimated,Duffins Creek,394062.270019531,22687.298224531
4375,Estimated,Duffins Creek,391728.464355469,24427.9450921069
4376,Estimated,Duffins Creek,72680.6298828125,5969.63068041812
4378,Estimated,Duffins Creek,391987.756591797,12626.7314434161
4379,Estimated,Duffins Creek,10728.3171386719,892.701869827511
4400,Engineered,Humber River,815267.142822266,11018.4772808053
4402,Engineered,Humber River,1989587.25366211,23301.3199683964
4403,Engineered,Humber River,7567.6328125,510.69534039282
4404,Engineered,Humber River,519319.824707031,7035.61566918191
4405,Engineered,Humber River,63144.7175292969,1350.54654995442
4406,Engineered,Humber River,0,0.433948346174262
4407,Engineered,Humber River,81870.2788085938,4700.33026031283
4408,Engineered,Humber River,41018.0791015625,1220.40583964914
4409,Engineered,Humber River,0.116943359375,3.90208350027105
4410,Engineered,Humber River,71792.8413085938,2889.00639251138
4411,Engineered,Humber River,156844.676025391,7453.48108466059
4412,Engineered,Humber River,15856.1496582031,1368.26413223064
4413,Engineered,Humber River,11689.7678222656,952.999704793154
4414,Engineered,Humber River,80474.7336425781,1363.34833101563
4415,Engineered,Humber River,127438.284912109,2113.28797599912
4416,Engineered,Humber River,120640.3203125,8329.37865497483
4417,Engineered,Humber River,279442.815673828,3518.60259489738
4418,Engineered,Humber River,866462.530029297,7598.70632307636
4419,Engineered,Humber River,113706.430664062,1791.72629074648
4420,Engineered,Humber River,265361.556640625,3581.41754900961
4421,Engineered,Humber River,691.779052734375,162.225838257132
4422,Engineered,Humber River,3580.5380859375,484.869353055692
4423,Engineered,Humber River,71233.369140625,1264.68267395151
4424,Engineered,Humber River,20482.3269042969,809.520185130639
4425,Engineered,Humber River,3048683.02734375,30483.5576116025
4427,Engineered,Humber River,13484.4406738281,1017.6807052152
4429,Engineered,Humber River,2648.25610351562,261.145366104367
4430,Engineered,Humber River,719980.669677734,8056.53193406519
4431,Engineered,Humber River,0.00048828125,0.139158800711779
4432,Engineered,Humber River,36275.986328125,2612.16756817086
4433,Engineered,Humber River,141214.669433594,4251.91810756445
4434,Engineered,Humber River,51960.5581054688,1730.2078927037
4435,Engineered,Don River,306.633544921875,154.861879464012
4436,Engineered,Don River,1501.140625,167.802782836874
4437,Engineered,Don River,2711.89916992188,338.884550231002
4438,Engineered,Don River,48640.6245117188,3180.37997654726
4439,Engineered,Don River,312.890625,82.2404902625736
4440,Engineered,Don River,29539.9777832031,1224.50004065786
4441,Engineered,Don River,179191.199707031,2806.54784986352
4442,Engineered,Don River,2705027.94213867,24719.1562994433
4443,Engineered,Humber River,506855.252685547,18614.7741274979
4444,Engineered,Humber River,233230.604980469,12452.2725550325
4452,Engineered,Rouge River,2292635.45263672,32105.7747213209
4454,Engineered,Rouge River,16499.5390625,1168.58636085578
4455,Engineered,Rouge River,108.624267578125,50.1587930198584
4456,Engineered,Rouge River,2320.17944335938,392.805849727091
4457,Engineered,Rouge River,1361.53857421875,206.867131100684
4458,Engineered,Rouge River,1199.42309570312,144.249911164413
4459,Engineered,Rouge River,18883.69921875,1073.01868690281
4460,Engineered,Rouge River,85315.3051757812,1498.05759235205
4461,Engineered,Rouge River,42268.5656738281,2047.17755811377
4462,Engineered,Rouge River,1133.22412109375,201.537065092359
4463,Engineered,Rouge River,22160.1574707031,1073.14132026766
4464,Engineered,Rouge River,4856.9541015625,419.517588878597
4468,Engineered,Etobicoke Creek,50012.611328125,3497.22443414006
4469,Engineered,Etobicoke Creek,664.79296875,359.962495359116
4470,Engineered,Etobicoke Creek,31415.5341796875,2538.86760981406
4474,Estimated,Don River,0.092041015625,1.86899729616739
4491,Estimated,Humber River,11315.1220703125,540.101191536022
4492,Estimated,Humber River,2969.91625976562,417.40655102633
4541,Engineered,Humber River,670850.453613281,13385.9605988195
4544,Engineered,Humber River,597.95458984375,114.38187555324
4545,Engineered,Humber River,767759.291992188,7263.0669690115
4546,Engineered,Humber River,243.01123046875,81.349709996388
4594,Engineered,Humber River,7014.181640625,635.624085885039
4595,Engineered,Humber River,162316.746826172,3039.51262110927
4596,Engineered,Humber River,112998.092529297,2848.77732852617
4597,Engineered,Humber River,219655.099365234,2155.4758766483
4599,Engineered,Humber River,1489999.74951172,24735.4322109533
4601,Engineered,Humber River,1407919.88549805,38931.8610705229
4602,Engineered,Humber River,586083.567382812,9019.78581612289
4603,Engineered,Humber River,829875.490478516,21120.843637635
4604,Engineered,Humber River,89348.90625,5936.09144473913
4605,Engineered,Humber River,1160530.69873047,14188.088104238
4607,Engineered,Humber River,220209.765869141,4401.08152478179
4608,Engineered,Humber River,147233.831298828,7333.24387491511
4609,Engineered,Humber River,11302.5515136719,771.161289408121
4610,Engineered,Humber River,242417.510253906,5499.56103013445
4612,Engineered,Humber River,297751.892578125,6576.7799484442
4613,Engineered,Humber River,892.4423828125,170.831723765063
4614,Engineered,Humber River,314808.325195312,10568.6503447548
4616,Engineered,Humber River,34091.0378417969,1738.26949555322
4618,Engineered,Humber River,152059.885742188,5951.31055668186
4621,Engineered,Humber River,4735259.36669922,96108.2302009756
4622,Engineered,Humber River,676741.352294922,29828.5448811131
4623,Engineered,Humber River,13508.6108398438,758.500264671236
4626,Engineered,Humber River,7779909.30419922,215565.393505169
4630,Estimated,Humber River,31991.8571777344,3199.91864432415
4631,Estimated,Humber River,271310.604736328,13431.6840356539
4632,Estimated,Humber River,123385.142333984,5020.34369647935
4633,Engineered,Humber River,550.873779296875,118.923642245425
4634,Engineered,Humber River,4246.82080078125,576.621655619236
4635,Engineered,Humber River,290603.384277344,5737.15961939284
4636,Engineered,Humber River,223080.759033203,11525.3106201219
4638,Engineered,Humber River,25922.5993652344,1647.0211688363
4640,Engineered,Humber River,202262.8203125,4574.54083295278
4641,Estimated,Humber River,19851.9985351562,2356
4642,Estimated,Humber River,1653.68139648438,318.198366793897
4643,Engineered,Humber River,93553.2121582031,2674.17236336531
4644,Estimated,Humber River,54639.9995117188,2476
4645,Engineered,Humber River,630.8857421875,109.369130521462
4646,Estimated,Humber River,160792.001464844,9864
4647,Engineered,Humber River,31702.505859375,1493.30187052622
4648,Engineered,Humber River,111439.421386719,2709.37249234501
4649,Engineered,Humber River,62803.7768554688,1938.96568817231
4650,Estimated,Humber River,120890.719726562,9139.91710320296
4651,Estimated,Humber River,350332.286376953,25469.0450722372
4652,Estimated,Humber River,1313.16772460938,221.534212183587
4653,Estimated,Humber River,76613.3940429688,2458.19937185489
4654,Estimated,Humber River,113670.588134766,6997.79372465284
4656,Engineered,Humber River,3291.8212890625,353.765473674772
4657,Estimated,Humber River,67565.2338867188,3283.8466742184
4658,Estimated,Humber River,2154069.796875,95429.6980140357
4659,Estimated,Humber River,96656.6965332031,2545.12967751748
4660,Estimated,Humber River,172893.303466797,8026.44551978775
4661,Estimated,Humber River,18425.9790039062,2238.68130152951
4662,Estimated,Humber River,32764.115234375,2303.76592143942
4663,Estimated,Humber River,141566.209228516,8398.43110086298
4664,Estimated,Humber River,1390.302734375,380.429484086827
4665,Engineered,Humber River,37467.919921875,1229.34553896966
4666,Engineered,Humber River,178117.089355469,4739.10372144511
4667,Engineered,Humber River,16311.146484375,700.481239331753
4671,Engineered,Humber River,3097.46313476562,272.994295925173
4672,Engineered,Humber River,2122.97924804688,213.965652919316
4674,Estimated,Rouge River,34296.1596679688,2227.56060076683
4675,Estimated,Rouge River,85848.0708007812,3340.4922100868
4677,Engineered,Rouge River,20482.7019042969,1838.35633915041
4678,Engineered,Rouge River,37161.7326660156,1769.11565774241
4679,Engineered,Rouge River,577624.806396484,8748.82195001375
4680,Engineered,Rouge River,87558.2602539062,3288.11553444169
4681,Engineered,Rouge River,1182.68920898438,159.972004163109
4682,Engineered,Rouge River,11125.9167480469,759.567782385585
4683,Engineered,Rouge River,226882.123779297,11508.2008015501
4684,Engineered,Rouge River,131548.159423828,6555.82663547761
4685,Engineered,Rouge River,86349.8349609375,5366.85926498811
4686,Engineered,Rouge River,36625.7082519531,2312.5119142089
4687,Engineered,Rouge River,25657.3415527344,1848.10113344544
4688,Engineered,Rouge River,50989.7404785156,2754.22415239398
4689,Engineered,Rouge River,238036.012695312,8547.95798298531
4690,Engineered,Rouge River,154284.784179688,7323.8678377931
4691,Engineered,Rouge River,29356.1970214844,1904.80270831988
4692,Engineered,Rouge River,1604.01635742188,269.032897363084
4693,Engineered,Rouge River,64545.1826171875,4198.25076219687
4694,Engineered,Rouge River,2884.484375,367.18101558575
4695,Engineered,Rouge River,4174.39086914062,639.594825244298
4696,Engineered,Rouge River,3556.9755859375,531.106073441158
4697,Engineered,Rouge River,1211882.60839844,24670.436770841
4698,Engineered,Rouge River,69784.3852539062,3502.77805178906
4700,Engineered,Rouge River,35403.8981933594,1186.06430801755
4701,Engineered,Rouge River,31941.6586914062,1267.86599783735
4702,Engineered,Rouge River,55858.6801757812,2489.14643422708
4703,Engineered,Rouge River,22299.5161132812,971.164363688335
4704,Engineered,Rouge River,258560.135498047,7910.45959947466
4705,Engineered,Rouge River,13219.8234863281,1571.77467831439
4706,Engineered,Rouge River,97077.6743164062,2883.53705561218
4707,Engineered,Rouge River,1174.42944335938,137.71736038575
4708,Engineered,Rouge River,14210.5478515625,816.955003581126
4709,Engineered,Rouge River,35140.1098632812,1127.83238027446
4710,Engineered,Rouge River,797802.642333984,6601.36099848927
4711,Engineered,Rouge River,12918.5415039062,580.815587383266
4712,Engineered,Rouge River,391501.395507812,10489.2136255099
4713,Engineered,Rouge River,1099219.91235352,27415.9499791649
4714,Engineered,Rouge River,597226.09375,8021.91075332259
4715,Engineered,Rouge River,119358.589355469,1623.01430003432
4717,Engineered,Rouge River,504.4775390625,122.202966239555
4718,Engineered,Rouge River,1544750.37133789,25811.4044568389
4719,Engineered,Rouge River,37843.6975097656,1550.9595629113
4720,Engineered,Rouge River,224157.347900391,6898.64819266315
4721,Engineered,Rouge River,4862.03393554688,603.712631041442
4722,Engineered,Rouge River,21703.8930664062,756.279528266843
4723,Engineered,Rouge River,448418.473876953,11773.9984449245
4724,Engineered,Rouge River,1247975.42285156,24749.2980404855
4725,Engineered,Rouge River,17861.4577636719,539.025239012345
4726,Engineered,Rouge River,111355.013916016,2019.80651884336
4727,Engineered,Rouge River,272794.583251953,6247.85288645539
4728,Engineered,Rouge River,69524.603515625,1657.82430566019
4729,Engineered,Rouge River,1445497.54125977,45408.4753747552
4730,Engineered,Rouge River,3304.07666015625,270.291177360282
4731,Engineered,Rouge River,214876.228271484,10218.4136351406
4732,Engineered,Rouge River,3291.22143554688,351.971434308367
4733,Engineered,Rouge River,1534.197265625,454.322098832469
4734,Engineered,Rouge River,874.235595703125,124.134111768847
4735,Engineered,Rouge River,38854.4130859375,2187.0791474275
4736,Engineered,Rouge River,103.258544921875,56.3108371639196
4737,Engineered,Rouge River,204141.162597656,4681.78329541167
4738,Engineered,Rouge River,3604.20166015625,424.468979466421
4739,Engineered,Carruthers Creek,1903.97827148438,427.507568729849
4740,Engineered,Carruthers Creek,1047671.11865234,38812.9658171001
4741,Engineered,Carruthers Creek,700873.162597656,6579.89315497273
4742,Engineered,Carruthers Creek,30343.4167480469,1713.20727284502
4743,Engineered,Carruthers Creek,4080.28784179688,420.664256713605
4744,Engineered,Carruthers Creek,2455.82568359375,303.209564244296
4745,Engineered,Carruthers Creek,27556.3349609375,1413.21807037024
4746,Engineered,Carruthers Creek,35106.1188964844,2912.13777529028
4747,Engineered,Carruthers Creek,3463.16479492188,310.103813449869
4748,Engineered,Carruthers Creek,129944.621337891,8115.61191209204
4749,Engineered,Carruthers Creek,36697.474609375,2903.79395973151
4750,Engineered,Carruthers Creek,1535.30004882812,200.298151558471
4751,Engineered,Carruthers Creek,37750.8217773438,3454.99189788306
4752,Engineered,Carruthers Creek,21970.3720703125,2016.31094341657
4753,Engineered,Carruthers Creek,191357.745605469,9956.89130522257
4754,Engineered,Carruthers Creek,9113.16821289062,1483.86572510791
4755,Engineered,Carruthers Creek,16396.9523925781,2303.62341483161
4756,Engineered,Carruthers Creek,2140.38354492188,347.917530163639
4757,Engineered,Carruthers Creek,25700.0859375,2919.20232041524
4758,Engineered,Carruthers Creek,2193.64233398438,351.54813201944
4759,Engineered,Carruthers Creek,121119.515380859,4396.50648056606
4760,Engineered,Carruthers Creek,61465.0659179688,2773.72461904569
4761,Engineered,Carruthers Creek,38039.4411621094,1562.40004393507
4762,Engineered,Carruthers Creek,6497.322265625,788.485375814671
4763,Engineered,Carruthers Creek,21613.4001464844,1326.89943406579
4764,Engineered,Carruthers Creek,1678429.57275391,21563.2260141358
4765,Engineered,Humber River,36385.9765625,919.442760394875
4768,Engineered,Don River,838684.527099609,17466.5682507829
4769,Engineered,Don River,2.361328125,6.01454204964491
4770,Engineered,Don River,2.3583984375,7.33405733196003
4771,Engineered,Don River,39.827392578125,32.365157577035
4772,Engineered,Don River,14.644287109375,16.9745203095525
4773,Engineered,Don River,10.88134765625,12.858360199754
4774,Engineered,Don River,192359.380126953,7671.12994755551
4775,Engineered,Don River,3961.15576171875,347.400193100616
4776,Engineered,Don River,43.141845703125,25.9607444335072
4777,Engineered,Don River,3.336181640625,6.9801547694498
4778,Engineered,Don River,4981.22998046875,340.682009638111
4779,Engineered,Don River,11.85107421875,19.3100815977803
4780,Engineered,Don River,96077.8771972656,5036.25471223149
4781,Engineered,Don River,733741.275878906,16204.3561557577
4782,Engineered,Don River,2.594970703125,7.70781547792415
4783,Engineered,Don River,1349.16821289062,266.826211604714
4784,Engineered,Don River,2768.66040039062,621.216590114966
4785,Engineered,Don River,24074.3068847656,1289.55124613991
4786,Engineered,Don River,6.63916015625,10.1275686841126
4787,Engineered,Don River,11.505126953125,14.5768891671124
4788,Engineered,Don River,483012.774658203,12627.6113357261
4789,Engineered,Don River,28.644775390625,24.8970487987898
4790,Engineered,Don River,2.522705078125,6.59115161758457
4791,Engineered,Don River,3.21630859375,8.97346187108056
4792,Engineered,Don River,2.3857421875,7.15568080820857
4793,Engineered,Don River,7.124755859375,9.90400512452119
4794,Engineered,Don River,2.13427734375,7.38099759793118
4795,Engineered,Don River,16.05712890625,17.2176505583878
4796,Engineered,Don River,28.59130859375,21.8952439049246
4797,Engineered,Don River,13.161865234375,16.3162390069235
4798,Engineered,Don River,19.233642578125,25.9715221412015
4799,Engineered,Don River,1.819580078125,5.8814082056373
4800,Engineered,Don River,10143.3024902344,650.493637579508
4801,Engineered,Don River,6132.3349609375,744.823054537545
4802,Engineered,Don River,15637.9194335938,1436.14994214986
4803,Engineered,Don River,3065.8369140625,354.589058159348
4804,Engineered,Don River,3.04638671875,7.82854360135658
4805,Engineered,Don River,8380.20361328125,624.160515095718
4806,Engineered,Don River,5.3994140625,8.74992990883964
4807,Engineered,Don River,137923.205566406,5577.53622797607
4808,Engineered,Don River,51049.8940429688,1285.52362354574
4809,Engineered,Don River,32288.3566894531,1235.44191937445
4810,Engineered,Don River,9595.73217773438,598.729296026899
4811,Engineered,Don River,661.533203125,117.161235928674
4812,Engineered,Don River,520.740478515625,125.821181399219
4813,Engineered,Don River,5025.11181640625,795.007643097681
4814,Engineered,Don River,253384.212402344,5568.97558500539
4815,Engineered,Don River,306369.386230469,11553.9579009781
4818,Engineered,Don River,8602.82104492188,1567.23673057266
4819,Engineered,Don River,15549.9692382812,1388.36797225622
4820,Engineered,Don River,1490.1650390625,180.459992901843
4821,Engineered,Don River,1057.84545898438,174.113892148729
4822,Engineered,Don River,49129.1760253906,2715.68754443571
4823,Engineered,Don River,176816.125244141,6583.81043204079
4824,Engineered,Don River,1174.87646484375,430.994193842325
4825,Engineered,Don River,519.652099609375,192.971722545963
4826,Engineered,Don River,12092.7785644531,1336.41997637923
4827,Engineered,Don River,8693.5126953125,545.084842657969
4828,Engineered,Don River,183969.167236328,7101.00027210127
4829,Engineered,Don River,482169.825683594,6782.80744764968
4830,Engineered,Don River,10452.4221191406,614.136334905371
4831,Engineered,Don River,573.632080078125,115.797841534093
4832,Engineered,Don River,272761.229980469,5670.93991836865
4833,Engineered,Don River,39575.3386230469,993.725396940521
4834,Engineered,Don River,6007.7099609375,464.425371235459
4835,Engineered,Don River,21143.8215332031,923.351447296261
4836,Engineered,Don River,925571.850830078,22470.1633110131
4837,Engineered,Don River,668249.065185547,17141.7998359499
4838,Engineered,Don River,11390.3193359375,545.980287209973
4839,Engineered,Don River,2633.67260742188,423.035149120809
4840,Engineered,Don River,144787.577148438,4954.71486603469
4841,Engineered,Don River,164.786865234375,55.3514480498039
4842,Engineered,Don River,274547.604736328,10021.8868482562
4843,Engineered,Don River,39478.2001953125,1008.07714031412
4844,Engineered,Don River,88176.7861328125,1920.31018948439
4845,Engineered,Don River,45560.4858398438,1136.31783922773
4846,Engineered,Don River,31333.2490234375,805.942616531956
4847,Engineered,Don River,54589.7690429688,1914.20115861175
4848,Engineered,Don River,197324.310546875,3215.42831622351
4849,Engineered,Don River,18155.2546386719,1302.81384320903
4850,Engineered,Don River,1237.1455078125,310.309895276687
4851,Engineered,Don River,450239.510498047,13071.8385988999
4852,Engineered,Don River,64976.8728027344,1420.75810347463
4853,Engineered,Don River,54214.4274902344,1102.24056226618
4854,Engineered,Don River,238812.248535156,5222.40562793375
4855,Engineered,Don River,502144.937255859,11292.0978519737
4856,Engineered,Don River,113893.133789062,4667.82058846387
4857,Engineered,Don River,16877.5520019531,636.850088258407
4858,Engineered,Don River,23001.9479980469,1661.98739533565
4859,Engineered,Don River,50204.8532714844,3161.88531166474
4860,Engineered,Don River,188029.656005859,4426.10938494735
4861,Engineered,Don River,41345.951171875,1101.32875531537
4862,Engineered,Don River,493246.978271484,8841.88404678212
4863,Engineered,Don River,1828.71484375,263.680412491582
4864,Engineered,Highland Creek,2848.24633789062,368.006177534482
4865,Engineered,Highland Creek,4193.7470703125,527.591132520698
4866,Engineered,Highland Creek,4082.95825195312,409.301922792635
4867,Engineered,Highland Creek,12312.12109375,503.389736950564
4868,Engineered,Highland Creek,506898.709228516,11674.7513642478
4869,Engineered,Highland Creek,23352.3034667969,1661.87391062734
4870,Engineered,Highland Creek,25967.6352539062,1647.36405882341
4871,Engineered,Highland Creek,11680.224609375,861.131444943582
4872,Engineered,Highland Creek,20664.466796875,1889.53801504749
4873,Engineered,Highland Creek,2576.03051757812,261.318966920659
4874,Engineered,Highland Creek,3378.44897460938,474.190529637513
4875,Engineered,Highland Creek,5116.53564453125,665.54825450659
4876,Engineered,Highland Creek,3596.48217773438,478.556307150728
4877,Engineered,Highland Creek,2297.58056640625,242.616475244232
4878,Engineered,Highland Creek,12879.4929199219,1253.19251752968
4879,Engineered,Highland Creek,48906.6118164062,1329.53528442911
4880,Engineered,Highland Creek,7627.3974609375,433.179995112744
4881,Engineered,Highland Creek,7646.70288085938,630.514655899612
4882,Engineered,Highland Creek,26007.240234375,1924.57970884665
4883,Engineered,Highland Creek,14117.7004394531,1240.27069623885
4884,Engineered,Highland Creek,20926.5197753906,1532.49989918077
4885,Engineered,Highland Creek,8400.48291015625,932.758797723094
4886,Engineered,Highland Creek,23981.1284179688,2130.44708308332
4887,Engineered,Highland Creek,22520.0512695312,867.300507414122
4888,Engineered,Highland Creek,9204.47387695312,898.167633072482
4889,Engineered,Highland Creek,2599.82470703125,643.333449635453
4890,Engineered,Highland Creek,1391.55908203125,365.067447488174
4891,Engineered,Highland Creek,65283.1804199219,3536.70615891105
4892,Engineered,Highland Creek,3412.9501953125,340.632374361558
4893,Engineered,Highland Creek,25444.5319824219,1980.42250786623
4894,Engineered,Highland Creek,37241.6328125,3303.38909460372
4895,Engineered,Highland Creek,2017.71923828125,248.34089602408
4896,Engineered,Highland Creek,8290.5224609375,921.777119677341
4897,Engineered,Highland Creek,316281.425048828,10123.4481453263
4898,Engineered,Highland Creek,5204.8349609375,648.953388829965
4899,Engineered,Highland Creek,3066.7783203125,375.204988927851
4900,Engineered,Highland Creek,4164.05224609375,431.576092937187
4901,Engineered,Highland Creek,6768.15185546875,565.40628909104
4902,Engineered,Highland Creek,53585.7424316406,2950.79906510724
4903,Engineered,Highland Creek,409441.660888672,14193.0411597247
4904,Engineered,Highland Creek,31296.6940917969,1613.65744482704
4905,Engineered,Highland Creek,135240.079101562,2662.13032474223
4906,Engineered,Highland Creek,10428.2485351562,937.872114114463
4907,Engineered,Highland Creek,27227.0747070312,2112.96442024296
4908,Engineered,Highland Creek,665.063232421875,112.134620042981
4909,Engineered,Highland Creek,2333.81127929688,562.479857069539
4910,Engineered,Highland Creek,9567.63354492188,2029.83074442153
4911,Engineered,Highland Creek,10256.9931640625,1017.67898769898
4912,Engineered,Highland Creek,514042.884033203,11078.3553450186
4913,Engineered,Highland Creek,215965.917480469,4046.63047376403
4914,Engineered,Highland Creek,65872.2536621094,1393.90399324803
4915,Engineered,Highland Creek,208626.842529297,3950.70509436839
4916,Engineered,Highland Creek,491588.912353516,15045.7687121544
4917,Engineered,Highland Creek,581.1728515625,153.130532687019
4918,Engineered,Highland Creek,1579.5576171875,391.491969884948
4919,Engineered,Highland Creek,2456.8681640625,730.356185807412
4920,Engineered,Highland Creek,548378.872558594,22422.3542548784
4921,Engineered,Highland Creek,11687.8669433594,1961.36308624737
4922,Engineered,Highland Creek,26268.8259277344,2512.66634299543
4923,Engineered,Highland Creek,5277.39086914062,738.619925487218
4924,Engineered,Highland Creek,4710.3349609375,267.319654070387
4925,Engineered,Highland Creek,310208.599609375,7871.59584584801
4926,Engineered,Highland Creek,23990.2604980469,687.008340147008
4927,Engineered,Highland Creek,105200.771972656,4205.12754549901
4928,Engineered,Highland Creek,86.3701171875,41.6121435909367
4929,Engineered,Highland Creek,1006.24682617188,141.99718612629
4930,Engineered,Highland Creek,3596.73828125,306.929662115369
4931,Engineered,Highland Creek,3160.82202148438,266.941994216107
4932,Engineered,Highland Creek,3624.56127929688,616.664739693229
4933,Engineered,Highland Creek,6999.96948242188,418.891785537766
4934,Engineered,Highland Creek,195858.832519531,8036.23061121284
4935,Engineered,Highland Creek,7367.23120117188,614.177383436961
4936,Engineered,Highland Creek,4372.12744140625,316.025867945107
4937,Engineered,Highland Creek,4573.63354492188,790.941109821155
4938,Engineered,Highland Creek,2693.90698242188,467.086890868944
4939,Engineered,Highland Creek,281.18408203125,69.5164835969709
4940,Engineered,Highland Creek,109.208251953125,48.19677966723
4941,Engineered,Highland Creek,5505.54858398438,483.822196733134
4942,Engineered,Highland Creek,3848.07446289062,588.993742484439
4943,Engineered,Highland Creek,18658.4479980469,1842.64821801468
4944,Engineered,Highland Creek,8742.13330078125,869.991100002841
4945,Engineered,Highland Creek,7903.34936523438,705.377116884349
4946,Engineered,Highland Creek,9321.38525390625,824.903960080007
4947,Engineered,Rouge River,245778.911621094,5250.96983401259
4948,Engineered,Rouge River,558620.284912109,11386.4741842948
4949,Engineered,Rouge River,1272507.42895508,33615.5855530869
4950,Engineered,Rouge River,6909.82861328125,409.449943283647
4951,Engineered,Rouge River,1293258.41479492,35940.7453189236
4952,Engineered,Rouge River,8595.81298828125,671.568708028665
4953,Engineered,Rouge River,1574.83178710938,151.850142610075
4954,Engineered,Rouge River,8767.97583007812,871.292806873575
4955,Engineered,Rouge River,12831.9680175781,1600.12183002556
4956,Engineered,Rouge River,59361.2329101562,2890.77648304992
4957,Engineered,Rouge River,19964.8850097656,1069.13117526195
4958,Engineered,Rouge River,50246.0903320312,2003.37297002102
4959,Engineered,Rouge River,74704.7348632812,4203.70954135624
4960,Engineered,Rouge River,5576.4169921875,391.552536038013
4961,Engineered,Rouge River,10370.6291503906,759.811803330447
4962,Engineered,Rouge River,86929.8447265625,4241.76395326029
4963,Engineered,Rouge River,86669.9145507812,4895.62815669051
4964,Engineered,Rouge River,68171.6689453125,4140.14583611238
4965,Engineered,Rouge River,1715.30078125,779.312838593958
4966,Engineered,Rouge River,523182.746826172,20564.6849274585
4967,Engineered,Rouge River,25296.2731933594,1602.07277211258
4968,Engineered,Rouge River,58167.5239257812,3581.76499141522
4969,Engineered,Rouge River,62871.5815429688,2670.30348232878
4971,Engineered,Rouge River,42307.9060058594,2073.59798850029
4972,Engineered,Rouge River,43657.5283203125,2120.05153131735
4973,Engineered,Rouge River,42323.384765625,2207.71765760571
4974,Engineered,Rouge River,20655.3669433594,1019.98829340522
4976,Engineered,Rouge River,194971.829345703,6632.36361223789
4978,Engineered,Rouge River,6676.39770507812,467.260731452297
4979,Engineered,Rouge River,198182.220947266,7264.32001188161
4980,Engineered,Rouge River,18264.220703125,1556.61710806504
4981,Engineered,Rouge River,395461.236816406,11449.0187160044
4983,Engineered,Rouge River,12643.4755859375,988.749385599172
4984,Engineered,Rouge River,7043.03369140625,1316.18120425248
4985,Engineered,Rouge River,33040.2038574219,1790.71593516749
4986,Engineered,Rouge River,9500.90405273438,658.062693825914
4987,Engineered,Rouge River,27079.61328125,2059.12820702345
4989,Engineered,Rouge River,50205.8913574219,2596.69796837529
4990,Engineered,Rouge River,368438.745849609,7103.58673391465
4991,Engineered,Rouge River,10180.6870117188,647.748293962599
4992,Engineered,Rouge River,4268.85668945312,306.202790589561
4993,Engineered,Rouge River,89266.7270507812,3785.75518153237
4994,Engineered,Rouge River,29816.9658203125,1455.11905654212
4995,Engineered,Rouge River,340307.896972656,13106.9572774693
4996,Engineered,Rouge River,20853.5749511719,757.475945971945
4997,Engineered,Rouge River,21850.0588378906,635.717396711443
4999,Engineered,Rouge River,621288.399414062,13447.1761648855
5000,Engineered,Rouge River,127707.737792969,4062.14639855088
5001,Engineered,Rouge River,53066.8435058594,2770.92920708482
5002,Engineered,Rouge River,69541.2670898438,2752.41946248416
5003,Engineered,Rouge River,116742.566162109,2760.81626755465
5004,Engineered,Rouge River,4774.64501953125,420.19815296559
5005,Engineered,Rouge River,1577.158203125,883.619569612228
5006,Engineered,Rouge River,71366.1389160156,3349.95553355717
5007,Engineered,Rouge River,477166.724121094,17649.5981277138
5008,Engineered,Rouge River,1260.1279296875,149.028728395873
5009,Engineered,Rouge River,2617.47094726562,350.263277220511
5010,Engineered,Rouge River,391649.538574219,14258.3178189727
5011,Engineered,Rouge River,8340.6416015625,762.194894530718
5012,Engineered,Rouge River,7832.95141601562,719.821657369577
5013,Engineered,Rouge River,6698.39892578125,579.812431032688
5014,Engineered,Rouge River,3607.73388671875,317.916272076282
5015,Engineered,Rouge River,33810.392578125,2381.94527423907
5016,Engineered,Rouge River,13930.462890625,1484.05624630788
5019,Engineered,Rouge River,6725.36987304688,503.219252066827
5020,Engineered,Rouge River,47346.7290039062,1799.81615884471
5021,Engineered,Rouge River,1722935.0456543,45506.1782224067
5022,Engineered,Rouge River,150822.963134766,5598.09958165006
5023,Engineered,Rouge River,2324.96801757812,211.957136449103
5024,Engineered,Rouge River,16953.2082519531,806.057995208332
5026,Engineered,Rouge River,216009.612548828,6198.97286802151
5027,Engineered,Rouge River,306224.259277344,7752.60767996668
5028,Engineered,Rouge River,511.594970703125,82.3877187917927
5029,Engineered,Rouge River,108850.483398438,3978.49663569275
5030,Engineered,Rouge River,285.0732421875,101.044901623566
5031,Engineered,Rouge River,2254.60571289062,691.98647871654
5032,Engineered,Rouge River,15156.6926269531,1045.01646632666
5033,Engineered,Rouge River,3662.21118164062,562.757290935837
5034,Engineered,Rouge River,47136.1870117188,3851.2878629676
5035,Engineered,Rouge River,10574.8662109375,627.889027396998
5036,Engineered,Rouge River,9251.27075195312,876.342440069903
5037,Engineered,Rouge River,5240.89794921875,556.723168063
5038,Engineered,Rouge River,5149.59643554688,455.009455964644
5039,Engineered,Rouge River,543.93701171875,238.213689060458
5040,Engineered,Rouge River,741.359130859375,340.15480690487
5041,Engineered,Rouge River,564.03955078125,342.19254688813
5042,Engineered,Rouge River,540.3134765625,281.899683889161
5043,Engineered,Rouge River,15541.3415527344,1333.18627321713
5044,Engineered,Rouge River,11463.7829589844,754.929505373456
5045,Engineered,Rouge River,51748.0480957031,1403.4445452723
5046,Engineered,Rouge River,1247.33056640625,170.851421951609
5047,Engineered,Rouge River,77943.54296875,4398.00715617322
5048,Engineered,Rouge River,51324.6818847656,3173.73271790358
5049,Engineered,Rouge River,106929.099853516,5496.51268942804
5050,Engineered,Mimico Creek,101003.312744141,2749.05226878547
5051,Engineered,Mimico Creek,372287.861572266,9418.03549095177
5052,Engineered,Mimico Creek,507924.34765625,7871.12948775389
5053,Engineered,Mimico Creek,208072.937011719,3990.73355121787
5054,Engineered,Mimico Creek,17152.5844726562,590.564150244953
5058,Engineered,Mimico Creek,7423.62817382812,705.746924574409
5062,Engineered,Mimico Creek,153965.180664062,8760.49195593666
5065,Engineered,Mimico Creek,3941720.83398438,96313.4721131711
5066,Engineered,Mimico Creek,62080.1115722656,4694.04593532783
5067,Engineered,Mimico Creek,15588.4521484375,976.522242113969
5068,Engineered,Mimico Creek,270882.032714844,12874.763222111
5069,Engineered,Mimico Creek,4912.34521484375,796.564344416809
5070,Engineered,Mimico Creek,7856.04956054688,372.594169066798
5071,Engineered,Mimico Creek,3469.99560546875,669.946153590014
5072,Engineered,Mimico Creek,176699.068359375,10074.3541732571
5073,Engineered,Mimico Creek,7960.29223632812,1091.9392326451
5074,Engineered,Mimico Creek,6447.56640625,841.816657616694
5075,Engineered,Mimico Creek,27907.0939941406,1479.92627907331
5076,Engineered,Mimico Creek,62545.9426269531,2296.32361598377
5077,Engineered,Mimico Creek,273312.673339844,8114.3295367662
5078,Engineered,Mimico Creek,12310.8334960938,558.077158338084
5079,Engineered,Mimico Creek,258.16796875,130.443719973283
5080,Engineered,Mimico Creek,1405.40478515625,167.579906764536
5081,Engineered,Mimico Creek,948.972900390625,146.047725343715
5082,Engineered,Mimico Creek,31807.0458984375,946.529810044729
5083,Engineered,Mimico Creek,90076.876953125,2053.50394043272
5084,Engineered,Mimico Creek,22042.8940429688,855.944703815705
5085,Engineered,Mimico Creek,46808.6345214844,1248.85965412008
5087,Engineered,Mimico Creek,675.570556640625,110.477417359245
5088,Engineered,Mimico Creek,2423.32153320312,225.34352871766
5089,Engineered,Mimico Creek,184628.077148438,3878.60512023214
5090,Engineered,Mimico Creek,178005.983398438,3457.01052690804
5091,Engineered,Mimico Creek,1523.01879882812,182.862822706914
5092,Engineered,Mimico Creek,49923.8234863281,1754.76144139494
5093,Engineered,Mimico Creek,217564.614990234,3527.25821853275
5094,Engineered,Mimico Creek,92591.7055664062,1407.95551668998
5095,Engineered,Mimico Creek,60738.8137207031,1699.84752415201
5096,Engineered,Mimico Creek,70344.9030761719,1548.36657081253
5097,Engineered,Mimico Creek,4347.53588867188,458.881279472982
5098,Engineered,Mimico Creek,3750.51928710938,354.278402397248
5099,Engineered,Mimico Creek,1474.37255859375,176.083554431317
5102,Engineered,Mimico Creek,359.024658203125,78.4060845002458
5103,Engineered,Mimico Creek,31527.3256835938,1150.94845882531
5104,Engineered,Mimico Creek,15268.3833007812,528.201876846905
5105,Engineered,Mimico Creek,62411.4174804688,1639.17961533892
5106,Engineered,Mimico Creek,34140.1052246094,1136.25892805324
5107,Engineered,Mimico Creek,427.326171875,89.6087651506742
5108,Engineered,Don River,344270.272460938,8658.94777478887
5109,Engineered,Don River,914988.506591797,21601.2780402354
5110,Engineered,Don River,763643.486328125,29225.73531736
5111,Engineered,Don River,12809.5031738281,796.874320239389
5112,Engineered,Don River,8725.11889648438,501.137590117254
5113,Engineered,Don River,17374.7568359375,880.417437726199
5114,Engineered,Don River,167178.189697266,4568.75818630832
5115,Engineered,Don River,53786.0966796875,2165.53112558232
5116,Engineered,Don River,10002.3698730469,440.548323591422
5117,Engineered,Don River,119781.573730469,3341.87455789505
5118,Engineered,Don River,7885.86645507812,505.649444662196
5119,Engineered,Don River,209106.424804688,6031.7785590606
5120,Engineered,Don River,6027.58471679688,693.394249494845
5121,Engineered,Don River,1359,431.026743792699
5122,Engineered,Don River,19733.3232421875,553.829759738058
5123,Engineered,Don River,10278.4753417969,1307.37039735058
5124,Engineered,Don River,1804.15942382812,375.317316553105
5125,Engineered,Don River,29918.1115722656,1732.06741207596
5126,Engineered,Don River,1190.89770507812,287.64826188364
5127,Engineered,Don River,7550.55249023438,471.304854662359
5128,Engineered,Don River,327281.763427734,12137.6234885033
5129,Engineered,Don River,9196.48852539062,896.141586707402
5130,Engineered,Don River,864.59130859375,142.880268230518
5132,Engineered,Don River,187295.660400391,5125.76520446251
5133,Engineered,Don River,55493.8461914062,1389.77706625293
5134,Engineered,Don River,411981.368652344,18978.5692320447
5135,Engineered,Don River,1144480.21728516,42142.3193392569
5136,Engineered,Don River,259519.094238281,6133.6418158583
5137,Engineered,Don River,733565.096923828,17159.0647700567
5138,Engineered,Don River,14341.6723632812,927.34193369431
5139,Engineered,Don River,4547.267578125,275.634984300277
5140,Engineered,Don River,4483.20190429688,372.865386105828
5141,Engineered,Don River,23691.904296875,2253.84404353018
5142,Engineered,Don River,13602.6865234375,1522.30846180953
5143,Engineered,Don River,142535.504150391,7743.47782257323
5144,Engineered,Don River,32536.6491699219,1343.52448356951
5145,Engineered,Don River,101261.959228516,5611.60431193831
5146,Engineered,Don River,26099.4719238281,2641.37114057027
5147,Engineered,Don River,26729.4111328125,1278.35992801393
5148,Engineered,Don River,10728.8879394531,1393.5373711567
5149,Engineered,Don River,9771.12280273438,1059.2486436249
5150,Engineered,Don River,55645.990234375,3705.8440168392
5151,Engineered,Don River,198154.456787109,9262.41330565878
5152,Engineered,Don River,10357.7407226562,1623.40475448048
5153,Engineered,Don River,98211.427734375,2978.85066801976
5154,Engineered,Don River,67613.4196777344,3185.3175815599
5155,Engineered,Don River,43546.2153320312,3119.532301547
5156,Engineered,Don River,13015.6110839844,1414.13839142899
5157,Engineered,Don River,42200.3701171875,1957.07749509478
5158,Engineered,Don River,69872.2073293328,3888.30371217208
5159,Engineered,Don River,13685.8405761719,1161.02314769702
5160,Engineered,Don River,21501.7009277344,1377.42980742067
5161,Engineered,Don River,9093.88012695312,1016.91311079073
5162,Engineered,Don River,2096.59375,236.312036075154
5163,Engineered,Don River,46307.8388671875,1841.87635384491
5164,Engineered,Don River,199.35546875,68.5558242323307
5166,Engineered,Don River,4852.0849609375,426.328511204872
5167,Engineered,Don River,12845.8818359375,879.238199363354
5168,Engineered,Don River,2064.34619140625,223.886068824955
5169,Engineered,Don River,21848.8176269531,1014.36903258187
5170,Engineered,Don River,179856.473876953,7783.21561932478
5171,Engineered,Don River,25417.8806152344,2280.44705170168
5172,Engineered,Don River,18015.2561035156,897.053107646745
5173,Engineered,Don River,402617.953125,20182.5789842763
5174,Engineered,Don River,49496.9094238281,2779.78355857719
5175,Engineered,Don River,1068769.62915039,33884.4976562064
5176,Engineered,Don River,31514.1469726562,1856.24387797194
5177,Engineered,Don River,34516.7463378906,2391.00814910835
5178,Engineered,Don River,9747.8544921875,605.793599607262
5179,Engineered,Don River,51880.7705078125,3714.64894654866
5180,Engineered,Don River,23842.0971679688,1795.78701634736
5181,Engineered,Don River,151418.670410156,4208.910778198
5182,Engineered,Don River,13415.173828125,547.958341327148
5183,Engineered,Don River,44435.048828125,2636.89944213341
5184,Engineered,Don River,6187.4482421875,418.059773056101
5185,Engineered,Don River,124588.875,3834.70903823359
5186,Engineered,Don River,490527.155517578,12058.9107645491
5188,Engineered,Don River,31897.0791015625,3048.48281019021
5189,Engineered,Don River,12707.888671875,991.612351415153
5190,Engineered,Don River,3427.5458984375,317.641715511429
5192,Engineered,Don River,128943.880371094,5369.11631220812
5193,Engineered,Don River,19069.6140136719,671.790504714038
5194,Engineered,Don River,49617.6027832031,2115.16452392427
5195,Engineered,Don River,113566.594726562,5107.36945737716
5196,Engineered,Don River,3506.61450195312,340.616220549014
5197,Engineered,Don River,1646.54125976562,181.908900277947
5200,Engineered,Duffins Creek,3184253.16113281,30317.4532156942
5201,Engineered,Duffins Creek,1461882.55053711,15098.479073987
5203,Estimated,Duffins Creek,29752.2841796875,3432.77015341315
5204,Engineered,Duffins Creek,147619.316650391,6702.82315130039
5205,Engineered,Duffins Creek,1606.30151367188,149.484339304649
5206,Engineered,Duffins Creek,82807.1047363281,6008.98502651749
5208,Engineered,Duffins Creek,41507.666015625,1790.43630847669
5209,Engineered,Duffins Creek,98671.6418457031,5185.99736663601
5210,Engineered,Duffins Creek,118521.724121094,3337.85296695999
5211,Engineered,Duffins Creek,72481.4362792969,3626.33255181129
5212,Engineered,Duffins Creek,42975.2316894531,1729.31600470956
5213,Engineered,Duffins Creek,23878.5373535156,1590.56497346919
5214,Engineered,Duffins Creek,54186.7624511719,4242.94632260635
5215,Engineered,Duffins Creek,1780.17138671875,277.616209127876
5216,Engineered,Duffins Creek,93728.345703125,5840.47318816123
5217,Engineered,Duffins Creek,50862.0122070312,3580.76667193825
5218,Engineered,Duffins Creek,9595.39721679688,601.465412229346
5219,Engineered,Duffins Creek,95434.2602539062,3818.85849232658
5220,Engineered,Duffins Creek,258000.489501953,9227.0368449461
5221,Engineered,Duffins Creek,138744.325927734,5262.91129896875
5222,Engineered,Duffins Creek,203892.83984375,11652.0771356927
5223,Engineered,Duffins Creek,27764.7770996094,2421.82129392682
5224,Engineered,Duffins Creek,1176.97705078125,129.958838992601
5225,Engineered,Duffins Creek,91295.6804199219,4440.53804059233
5226,Engineered,Duffins Creek,927526.156738281,24425.0567352802
5227,Engineered,Duffins Creek,287143.585693359,14132.6107137486
5228,Engineered,Duffins Creek,15723.2529296875,1396.48755326282
5229,Engineered,Duffins Creek,2968.94165039062,234.667195683733
5230,Engineered,Duffins Creek,1122536.07836914,29768.8753072371
5231,Engineered,Duffins Creek,520907.856201172,18384.2001603279
5232,Engineered,Duffins Creek,191182.267333984,11065.0349045712
5234,Engineered,Duffins Creek,119771.781982422,6522.9113275213
5235,Engineered,Duffins Creek,94359.3605957031,2781.34223108143
5236,Engineered,Duffins Creek,14543.3522949219,763.966268716621
5237,Engineered,Duffins Creek,806052.169189453,20212.6967948546
5238,Engineered,Duffins Creek,54015.4067382812,1871.87227910263
5239,Engineered,Duffins Creek,17621.365234375,852.082113124719
5240,Engineered,Duffins Creek,68801.3830566406,2858.16928660795
5241,Engineered,Duffins Creek,26276.7434082031,1446.51675818322
5242,Engineered,Duffins Creek,2545.78173828125,248.318324591467
5243,Engineered,Duffins Creek,138977.327880859,4040.14161621833
5244,Engineered,Duffins Creek,281763.380371094,6882.95657345282
5245,Engineered,Duffins Creek,31.768310546875,24.9722757665673
5246,Engineered,Duffins Creek,1172738.58398438,40762.7536687894
5247,Engineered,Duffins Creek,24340.6611328125,1060.1911154933
5248,Engineered,Duffins Creek,114642.988037109,3525.97089213963
5249,Engineered,Duffins Creek,3649.58081054688,547.204666306294
5250,Engineered,Duffins Creek,938808.08984375,38244.0250518176
5251,Engineered,Duffins Creek,188964.409667969,7225.65864110102
5252,Engineered,Duffins Creek,1545.50512695312,304.459199288107
5253,Engineered,Duffins Creek,13810.5788574219,854.451359909219
5254,Engineered,Duffins Creek,182029.177734375,9637.50595712308
5255,Engineered,Duffins Creek,20294.8725585938,870.75739069172
5256,Engineered,Duffins Creek,368484.836181641,12227.4868038923
5257,Engineered,Duffins Creek,23030.1303710938,1093.84393054159
5258,Engineered,Duffins Creek,58008.7651367188,4160.19920880718
5259,Engineered,Duffins Creek,3332.65063476562,522.772995700609
5260,Engineered,Duffins Creek,9422.49267578125,1335.10988634752
5261,Engineered,Duffins Creek,41325.1911621094,2591.77937176479
5262,Engineered,Duffins Creek,105609.534667969,3558.27310383997
5263,Engineered,Duffins Creek,108767.182373047,6570.5652946845
5264,Engineered,Duffins Creek,6058.02221679688,597.672352630939
5265,Engineered,Duffins Creek,88213.8967285156,5323.72285593682
5266,Engineered,Duffins Creek,26191.7905273438,2509.76315007349
5267,Engineered,Duffins Creek,143482.912597656,7891.63794046589
5268,Engineered,Duffins Creek,156203.720214844,6059.33179205084
5269,Engineered,Duffins Creek,1154.37719726562,145.681040801841
5270,Engineered,Duffins Creek,43085.2358398438,3683.94799057713
5271,Engineered,Duffins Creek,44310.9416503906,2987.99416788973
5272,Engineered,Duffins Creek,8653.712890625,964.495311939691
5273,Engineered,Duffins Creek,29201.5236816406,3759.41818948169
5274,Engineered,Duffins Creek,31860.2587890625,2762.08199988758
5275,Engineered,Duffins Creek,17885.3735351562,1995.02053452608
5276,Engineered,Duffins Creek,14194.2626953125,1335.4621423163
5277,Engineered,Duffins Creek,1013926.59057617,40510.550300269
5278,Engineered,Duffins Creek,2338.46044921875,246.599939377563
5279,Engineered,Duffins Creek,40076.1081542969,2749.81798217113
5280,Engineered,Duffins Creek,639236.816650391,22537.5039860904
5281,Engineered,Duffins Creek,117872.217285156,3224.93743121852
5282,Engineered,Duffins Creek,115875.528076172,6399.50716470348
5283,Engineered,Duffins Creek,20.806640625,23.9160612572006
5284,Engineered,Duffins Creek,918.9423828125,157.767421624796
5285,Engineered,Duffins Creek,234.6220703125,133.032746206709
5286,Engineered,Duffins Creek,236.1025390625,128.78075549018
5287,Engineered,Duffins Creek,9188.06591796875,544.838818830567
5288,Engineered,Duffins Creek,14062.1672363281,2182.22180002676
5289,Engineered,Duffins Creek,5895.04370117188,878.635232845777
5290,Engineered,Duffins Creek,2922.97216796875,446.082141757857
5291,Engineered,Duffins Creek,339.36767578125,123.865553415436
5292,Engineered,Duffins Creek,15980.3518066406,1472.3349302684
5293,Engineered,Duffins Creek,0.00146484375,0.349569476076784
5294,Engineered,Duffins Creek,0.02197265625,0.967990871538386
5295,Engineered,Duffins Creek,11175.95703125,1458.26426400783
5297,Engineered,Duffins Creek,556.884521484375,173.46307341924
5298,Engineered,Duffins Creek,20022.37109375,1120.12387093266
5299,Engineered,Duffins Creek,544305.485839844,10260.9182093881
5300,Engineered,Duffins Creek,51546.1962890625,954.205316886896
5301,Engineered,Duffins Creek,366.903564453125,77.9969574239183
5302,Engineered,Duffins Creek,73.305908203125,35.0409134658576
5303,Engineered,Duffins Creek,1370.48657226562,206.635715244924
5304,Engineered,Duffins Creek,396.531494140625,78.635072407604
5305,Engineered,Duffins Creek,656.537109375,100.013301561625
5306,Engineered,Duffins Creek,1082354.38623047,33142.2825403581
5307,Engineered,Duffins Creek,151174.021728516,4135.73920523661
5308,Engineered,Duffins Creek,201712.360107422,4003.92887914974
5309,Engineered,Duffins Creek,58146.3815917969,3388.86499659606
5310,Engineered,Duffins Creek,6260.48413085938,1549.86571856434
5311,Engineered,Duffins Creek,17.6865234375,17.8447171734333
5312,Engineered,Duffins Creek,38.10498046875,28.7900984028572
5313,Engineered,Duffins Creek,209.99072265625,75.082137990767
5314,Engineered,Duffins Creek,2991.8212890625,232.405547063155
5315,Engineered,Duffins Creek,15890.3327636719,1365.03900231278
5316,Engineered,Don River,577741.518265724,10359.2991394072
5317,Engineered,Don River,117703.708740234,8370.95876449441
5319,Engineered,Don River,399122.425048828,5922.62516685997
5320,Engineered,Don River,74179.2194824219,1387.66703370398
5321,Engineered,Don River,47054.5368652344,1010.69660662771
5323,Engineered,Don River,38261.046875,2091.5713497953
5324,Engineered,Don River,466311.381591797,5207.46603700144
5327,Estimated,Humber River,34888.7587890625,2474.68716746793
5328,Engineered,Humber River,38966.8610839844,1648.2604193946
5329,Engineered,Don River,1199.46313476562,134.439006639709
5330,Engineered,Humber River,339424.668457031,10149.7316311881
5331,Engineered,Humber River,71162.7312011719,4379.5901381414
5332,Engineered,Humber River,257056.332275391,6870.17802813451
5333,Engineered,Humber River,73874.3364257812,2296.08408848145
5335,Engineered,Duffins Creek,7897.3994127512,950.650622920485
5336,Engineered,Humber River,46674.4311523438,2492.53371542795
5337,Engineered,Humber River,165891.827880859,8925.15044263561
5338,Engineered,Petticoat Creek,84498.5283203125,2460.29885979747
5339,Engineered,Petticoat Creek,219668.401611328,4352.43962722321
5341,Engineered,Duffins Creek,31905.9326171875,1231.81630256774
5342,Engineered,Rouge River,43328.6943359375,1080.03696748614
5343,Engineered,Rouge River,4158.43115234375,659.356298210632
5344,Engineered,Duffins Creek,16481.0456542969,1743.68039210155
5347,Engineered,Petticoat Creek,3917217.43711281,142907.161828632
5348,Engineered,Petticoat Creek,11842.3635253906,798.624105233618
5349,Engineered,Petticoat Creek,1659.39038085938,236.164819905235
5350,Engineered,Petticoat Creek,82654.0915527344,3751.64416474533
5351,Engineered,Petticoat Creek,65230.7766113281,2857.02322460818
5352,Engineered,Petticoat Creek,89743.3916015625,3053.2289992711
5353,Engineered,Petticoat Creek,148683.260009766,7374.39031191138
5365,Engineered,Rouge River,32808.685546875,1232.67491449163
5366,Engineered,Rouge River,350411.999023438,12919.4670161108
5367,Engineered,Etobicoke Creek,1411.46069335938,141.140022849779
5369,Engineered,Etobicoke Creek,11798.3208007812,873.81811219471
5370,Engineered,Etobicoke Creek,352.773193359375,128.675818239738
5371,Engineered,Etobicoke Creek,53898.0874023438,3800.77850764761
5372,Engineered,Etobicoke Creek,7308.32495117188,559.109244330828
5373,Engineered,Etobicoke Creek,143408.844482422,4521.41793549964
5374,Engineered,Etobicoke Creek,50798.7385253906,1453.8268203776
5375,Engineered,Etobicoke Creek,55632.373046875,2918.92962165462
5377,Engineered,Etobicoke Creek,42693.548828125,2259.18620913482
5378,Engineered,Etobicoke Creek,2813.00561523438,566.981143699151
5379,Engineered,Etobicoke Creek,2811772.35375977,103228.331579397
5380,Engineered,Etobicoke Creek,409.115478515625,137.202653716468
5381,Engineered,Etobicoke Creek,37.72021484375,23.9604102673498
5382,Engineered,Etobicoke Creek,8279.52490234375,898.410692704724
5383,Engineered,Etobicoke Creek,499150.252685547,22143.6284541525
5384,Engineered,Etobicoke Creek,514184.524169922,8655.69555651491
5385,Engineered,Etobicoke Creek,106043.788818359,4427.49159887771
5386,Engineered,Etobicoke Creek,212.934814453125,58.5434740942623
5387,Engineered,Etobicoke Creek,409.115478515625,137.202653716468
5388,Engineered,Etobicoke Creek,37.72021484375,23.9604102673498
5389,Engineered,Etobicoke Creek,2957203.43383789,107990.037033915
5390,Engineered,Etobicoke Creek,683.7958984375,110.294516444741
5391,Engineered,Etobicoke Creek,12623.7680664062,490.281880186089
5393,Engineered,Etobicoke Creek,51827.9301757812,902.406302169719
5394,Engineered,Etobicoke Creek,59116.4399414062,2428.32691121741
5398,Engineered,Mimico Creek,11912.93359375,961.376822748509
5399,Engineered,Mimico Creek,7307.99536132812,578.440543601285
5400,Engineered,Mimico Creek,15940.2585449219,1142.43927337886
5401,Engineered,Mimico Creek,1008.79443359375,430.872464773261
5402,Engineered,Mimico Creek,105938.720458984,4417.27790216542
5403,Engineered,Mimico Creek,31624.3598632812,2146.00642306139
5404,Engineered,Mimico Creek,3409.27001953125,276.962289009889
5405,Engineered,Humber River,13807.9743652344,863.338812597505
5406,Engineered,Humber River,74827.1274414062,8622.48108796835
5407,Engineered,Humber River,68504.0817871094,4268.71670053123
5408,Engineered,Humber River,386929.252197266,15535.4231604923
5410,Engineered,Humber River,38197.3881835938,3202.11626450112
5411,Engineered,Humber River,4972.70727539062,303.42327870259
5412,Engineered,Humber River,203.373046875,134.45996730817
5413,Engineered,Humber River,6761.46557617188,523.772539947719
5414,Engineered,Humber River,98599.2177734375,2880.22889794232
5415,Engineered,Humber River,140360.552246094,8786.52899432038
5417,Engineered,Humber River,40486.3210449219,2827.85017007266
5418,Engineered,Humber River,29266.6481933594,1333.85732094799
5420,Engineered,Humber River,6510.26171875,485.868329061571
5421,Engineered,Humber River,148864.503662109,10375.0091715322
5422,Engineered,Humber River,101145.938964844,4860.35499179461
5426,Engineered,Humber River,2566.18896484375,198.840370214183
5428,Engineered,Humber River,1525393.18383789,43149.7226732869
5429,Engineered,Humber River,493224.972167969,23335.5675817635
5430,Engineered,Humber River,16269.1232910156,633.354241576595
5431,Engineered,Humber River,20622.0515136719,1310.67494064361
5432,Engineered,Humber River,112551.592529297,6318.08320949481
5433,Engineered,Humber River,578327.429443359,14201.9172582387
5434,Engineered,Humber River,42860.3513183594,1402.32952239224
5435,Engineered,Humber River,484258.767822266,17723.8843264126
5436,Engineered,Humber River,12863.5974121094,1046.19149942618
5437,Engineered,Humber River,1761262.16088867,72007.5366440182
5438,Engineered,Humber River,2804.0615234375,346.357222581093
5439,Engineered,Humber River,47560.61328125,1927.74761046278
5440,Engineered,Humber River,1864.662109375,291.215896412991
5441,Engineered,Humber River,632.4072265625,118.796044907604
5442,Engineered,Humber River,2255.43139648438,392.030866526463
5443,Engineered,Humber River,7902.79418945312,1540.75159628102
5444,Engineered,Humber River,596.207275390625,89.6038800613898
5445,Engineered,Humber River,487.019775390625,82.7796232139796
5446,Engineered,Humber River,594.9931640625,96.8071964379912
5447,Engineered,Humber River,4134.47973632812,286.312132717919
5448,Engineered,Humber River,11701.2048339844,2313.16624617784
5449,Engineered,Humber River,68542.6667480469,5752.02300959287
5452,Engineered,Humber River,57852.8784179688,6320.65104616638
5453,Engineered,Humber River,116400.089599609,7498.19133923281
5454,Engineered,Humber River,171854.109863281,17931.2312668143
5455,Engineered,Humber River,111770.855224609,7418.45905170286
5458,Engineered,Humber River,9890.22900390625,1908.91722912102
5461,Engineered,Humber River,71939.5405273438,2499.76783889483
5466,Engineered,Humber River,17622.0988769531,845.931113265319
5467,Engineered,Humber River,23207.0927734375,1266.06515312988
5468,Engineered,Humber River,9444.8720703125,1698.55221535501
5469,Engineered,Humber River,21725.1945800781,920.063319063317
5472,Engineered,Humber River,19660.3815917969,2304.80488435068
5473,Engineered,Humber River,213.216796875,112.531541596742
5474,Engineered,Humber River,30511.4060058594,1607.90913209988
5475,Engineered,Humber River,52.882080078125,28.32863991294
5476,Engineered,Humber River,13939.0388183594,989.968502024797
5478,Engineered,Humber River,56433.9274902344,2652.79028676229
5479,Engineered,Humber River,7205.79272460938,1020.85711366995
5480,Engineered,Humber River,14229.9921875,1427.48481287059
5481,Engineered,Humber River,11729.4443359375,887.126879108065
5483,Engineered,Humber River,90347.7375488281,3843.02977458555
5484,Engineered,Humber River,84076.1645507812,4418.62021303288
5485,Engineered,Humber River,66859.7629394531,3027.15602893868
5487,Engineered,Humber River,98335.0385742188,4006.34036909105
5488,Engineered,Humber River,755577.022460938,18478.8336988443
5490,Engineered,Humber River,29033.2653808594,789.697374364177
5491,Engineered,Humber River,238.516357421875,76.5925883166221
5492,Engineered,Humber River,12504.3540039062,1184.01767031151
5493,Engineered,Humber River,1198.1259765625,238.923266832966
5494,Engineered,Humber River,103169.951416016,5657.13591065447
5495,Engineered,Humber River,10.564208984375,12.4315356549023
5496,Engineered,Humber River,1099.83740234375,127.711254345292
5497,Engineered,Humber River,163.19775390625,71.7693428891068
5500,Engineered,Humber River,7411.88208007812,1032.81265998741
5502,Engineered,Humber River,3325.70092773438,314.030641310015
5512,Engineered,Humber River,1273.42919921875,173.271428898076
5514,Engineered,Humber River,5164.1923828125,972.376340471152
5515,Engineered,Humber River,84.5166015625,48.253171306258
5516,Engineered,Humber River,136365.218017578,9473.12510505517
5522,Engineered,Humber River,166507.396972656,4911.55495411016
5524,Engineered,Humber River,33684.0014648438,2554.10468854832
5525,Engineered,Humber River,3919.568359375,292.343068857677
5526,Engineered,Humber River,176.371826171875,78.7939155456383
5527,Engineered,Humber River,4021.7021484375,654.336481712043
5528,Engineered,Humber River,584024.83203125,17099.6581754179
5531,Engineered,Humber River,48392.5849609375,3348.6106645581
5532,Engineered,Humber River,16068.919921875,1360.14428672877
5534,Engineered,Humber River,23884.3581542969,1712.76557658973
5536,Engineered,Humber River,135651.715576172,6398.94608399158
5540,Engineered,Humber River,162563.151367188,12225.8333899806
5542,Engineered,Humber River,61337.0793457031,3260.73287296427
5543,Engineered,Humber River,4576.3173828125,330.125314360002
5546,Engineered,Humber River,4395.92602539062,320.221616808192
5548,Engineered,Humber River,43802.7202148438,2490.90084327895
5549,Engineered,Humber River,94148.4252929688,4331.21534500675
5550,Engineered,Humber River,20884.09765625,1916.18058234209
5551,Engineered,Humber River,20851.4829101562,2364.14848581867
5554,Engineered,Humber River,208.153076171875,83.1940635562869
5555,Engineered,Humber River,806.324951171875,141.92680156868
5556,Engineered,Humber River,13961.0903320312,1384.58044542857
5558,Engineered,Humber River,15588.8508300781,1046.77678245659
5559,Engineered,Humber River,212332.581054688,10351.3596814222
5560,Engineered,Humber River,4324.75146484375,352.096044122299
5561,Engineered,Humber River,143818.416259766,6321.62136194251
5563,Engineered,Humber River,76039.9006347656,5291.41475666211
5564,Engineered,Humber River,1768.33740234375,326.373360868401
5566,Engineered,Humber River,8415.20703125,553.43517751969
5571,Engineered,Frenchman's Bay,2521.30224609375,677.697268112572
5572,Engineered,Frenchman's Bay,331.09619140625,94.7134660175473
5573,Engineered,Frenchman's Bay,165.944091796875,102.55677147984
5574,Engineered,Frenchman's Bay,2630.76513671875,520.071988592873
5575,Engineered,Frenchman's Bay,1973.05810546875,365.367003235828
5576,Engineered,Frenchman's Bay,20300.9816894531,1405.6910066928
5577,Engineered,Frenchman's Bay,8243.12109375,663.916103813783
5578,Engineered,Frenchman's Bay,14006.4943847656,1303.36721904747
5579,Engineered,Frenchman's Bay,77.036865234375,46.0516765639882
5580,Engineered,Frenchman's Bay,115.210693359375,51.2235124983523
5581,Engineered,Frenchman's Bay,1521.65478515625,180.580727830325
5582,Engineered,Frenchman's Bay,7345.80590820312,1441.82495326388
5583,Engineered,Frenchman's Bay,6841.63940429688,866.084008296001
5584,Engineered,Frenchman's Bay,30340.1806640625,2665.12360968608
5585,Engineered,Frenchman's Bay,34260.4675292969,1907.73179928525
5586,Engineered,Frenchman's Bay,6497.91748046875,399.256845839249
5587,Engineered,Frenchman's Bay,2479.07446289062,550.651943051072
5588,Engineered,Frenchman's Bay,33.8232421875,25.7803124272918
5589,Engineered,Frenchman's Bay,18546.5834960938,903.881385917722
5590,Engineered,Frenchman's Bay,19997.8666992188,831.094868850646
5591,Engineered,Frenchman's Bay,23332.8071289062,1210.99401362446
5592,Engineered,Frenchman's Bay,16491.9177246094,2142.09494680749
5593,Engineered,Frenchman's Bay,17642.1376953125,1979.951866653
5594,Engineered,Frenchman's Bay,35238.6560058594,3138.91497092466
5595,Engineered,Frenchman's Bay,31824.8723144531,3390.76035293381
5596,Engineered,Frenchman's Bay,7562.474609375,891.702005023388
5597,Engineered,Frenchman's Bay,163443.756835938,5782.43308056444
5598,Engineered,Frenchman's Bay,1207.11010742188,457.585480202083
5599,Engineered,Frenchman's Bay,54276.7153320312,3010.76853425001
5600,Engineered,Frenchman's Bay,5094.93823242188,364.009864965922
5601,Engineered,Frenchman's Bay,17008.5231933594,1512.72562381644
5602,Engineered,Frenchman's Bay,299221.869140625,4954.29037453362
5603,Engineered,Frenchman's Bay,129886.404541016,9672.93641418667
5604,Engineered,Humber River,3178745.47827148,44086.8883421886
5605,Engineered,Humber River,117130.397216797,3091.59674952802
5606,Engineered,Humber River,2518.63696289062,295.39555339315
5607,Engineered,Humber River,63523.6499023438,1984.95519297685
5608,Estimated,Humber River,6262.46948242188,644.432111166334
5609,Estimated,Humber River,272556.574462891,4865.07569994495
5610,Estimated,Humber River,60628.0009765625,2216
5611,Estimated,Humber River,8369.4404296875,619.079933564931
5613,Engineered,Humber River,7798.60522460938,612.053194413011
5614,Engineered,Humber River,8825.44946289062,465.858434364808
5616,Engineered,Humber River,35984.4697265625,2570.61424750603
5617,Engineered,Humber River,13563.4201660156,1020.60213248737
5619,Engineered,Humber River,8949.35888671875,1060.42167864694
5621,Engineered,Humber River,11122.0886230469,1261.81373252707
5624,Engineered,Humber River,405799.694091797,22950.9085787434
5626,Engineered,Humber River,57852.9460449219,2237.29415713464
5629,Engineered,Humber River,38379.9743652344,3532.51047475577
5630,Engineered,Humber River,2444.58642578125,286.559356795333
5631,Engineered,Humber River,1905.4833984375,231.704321320814
5634,Engineered,Humber River,13294.8171386719,1277.65035929219
5635,Engineered,Humber River,371800.338623047,18562.5404688521
5638,Engineered,Humber River,81932.5124511719,6757.37361932853
5639,Engineered,Humber River,66151.4030761719,4972.49516487594
5640,Engineered,Humber River,49.512939453125,28.3910992033396
5647,Engineered,Humber River,77859.4621582031,3761.29167080747
5648,Engineered,Humber River,1551.908203125,184.434031207702
5649,Engineered,Humber River,10052.0771484375,792.334393925464
5651,Engineered,Humber River,386.15625,122.739554121652
5652,Engineered,Humber River,20.41064453125,25.3587158023073
5653,Engineered,Humber River,213390.779785156,13956.9644440286
5654,Engineered,Humber River,12310.2077636719,876.732766074985
5657,Engineered,Humber River,141593.706054688,9651.08584539368
5658,Engineered,Humber River,477557.208496094,27819.2346624829
5660,Engineered,Rouge River,889.29638671875,167.444851669045
